Apple;iPhone
Apple;iPhone 3G
Apple;iPhone 3GS
Apple;iPhone 4
Apple;iPhone 4s
Apple;iPhone 5
Apple;iPhone 5c
Apple;iPhone 5s
Apple;iPhone 6
Apple;iPhone 6 Plus
Apple;iPhone 6s
Apple;iPhone 6s Plus
Apple;iPhone SE (1st generation)
Apple;iPhone 7
Apple;iPhone 7 Plus
Apple;iPhone 8
Apple;iPhone 8 Plus
Apple;iPhone X
Apple;iPhone XS
Apple;iPhone XS Max
Apple;iPhone XR
Apple;iPhone 11
Apple;iPhone 11 Pro
Apple;iPhone 11 Pro Max
Apple;iPhone 12
Apple;iPhone 12 mini
Apple;iPhone 12 Pro
Apple;iPhone 12 Pro Max
Apple;iPhone 13
Apple;iPhone 13 mini
Apple;iPhone 13 Pro
Apple;iPhone 13 Pro Max
Apple;iPhone 14
Apple;iPhone 14 Plus
Apple;iPhone 14 Pro
Apple;iPhone 14 Pro Max
Apple;iPhone 15
Apple;iPhone 15 Plus
Apple;iPhone 15 Pro
Apple;iPhone 15 Pro Max
Apple;iPhone 16
Apple;iPhone 16 Plus
Apple;iPhone 16 Pro
Apple;iPhone 16 Pro Max
Apple;iPhone 16e
Apple;iPhone 17
Apple;iPhone Air
Apple;iPhone 17 Pro
Apple;iPhone 17 Pro Max
Apple;iPhone 17e
Apple;iPhone SE (2nd generation)
Apple;iPhone SE (3rd generation)
Google;Pixel
Google;Pixel XL
Google;Pixel 2
Google;Pixel 2 XL
Google;Pixel 3
Google;Pixel 3 XL
Google;Pixel 3a
Google;Pixel 3a XL
Google;Pixel 4
Google;Pixel 4 XL
Google;Pixel 4a
Google;Pixel 4a (5G)
Google;Pixel 5
Google;Pixel 5a (5G)
Google;Pixel 6
Google;Pixel 6 Pro
Google;Pixel 6a
Google;Pixel 7
Google;Pixel 7 Pro
Google;Pixel 7a
Google;Pixel Fold
Google;Pixel 8
Google;Pixel 8 Pro
Google;Pixel 8a
Google;Pixel 9
Google;Pixel 9 Pro
Google;Pixel 9 Pro XL
Google;Pixel 9 Pro Fold
Google;Pixel 9a
Google;Pixel 10
Google;Pixel 10 Pro
Google;Pixel 10 Pro XL
Google;Pixel 10 Pro Fold
Google;Pixel 10a
Oneplus;One
Oneplus;2
Oneplus;X
Oneplus;3
Oneplus;3T
Oneplus;5
Oneplus;5T
Oneplus;6
Oneplus;6T
Oneplus;6T McLaren Edition
Oneplus;7
Oneplus;7 Pro
Oneplus;7 Pro 5G
Oneplus;7T
Oneplus;7T Pro
Oneplus;7T Pro McLaren Edition
Oneplus;8
Oneplus;8 Pro
Oneplus;8T
Oneplus;9
Oneplus;9 Pro
Oneplus;9R
Oneplus;10 Pro
Oneplus;10T
Oneplus;10R
Oneplus;11
Oneplus;11R
Oneplus;12
Oneplus;12R
Oneplus;13
Oneplus;13R
Oneplus;15
Oneplus;15R
Oneplus;Open
Oneplus;Nord
Oneplus;Nord N10 5G
Oneplus;Nord N100
Oneplus;Nord CE 5G
Oneplus;Nord N200 5G
Oneplus;Nord 2 5G
Oneplus;Nord N20 5G
Oneplus;Nord CE 2
Oneplus;Nord CE 2 Lite
Oneplus;Nord N300 5G
Oneplus;Nord N30 5G
Oneplus;Nord CE 3 Lite
Oneplus;Nord 3
Oneplus;Nord CE 3
Oneplus;Nord CE 4
Oneplus;Nord 4
Oneplus;Nord 5
Oneplus;Nord CE 5
Oneplus;Ace
Oneplus;Ace Racing Edition
Oneplus;Nord 6
Nothing;Phone (1)
Nothing;Phone (2)
Nothing;Phone (2a)
Nothing;Phone (2a) Plus
Nothing;Phone (3)
Nothing;Phone (3a)
Nothing;Phone (3a) Pro
Nothing;Phone (3a) Lite
Nothing;Phone (4a)
Nothing;Phone (4a) Pro
Nokia;1
Nokia;1 Plus
Nokia;1.3
Nokia;1.4
Nokia;2
Nokia;2.1
Nokia;2.2
Nokia;2.3
Nokia;2.4
Nokia;3
Nokia;3.1
Nokia;3.1 Plus
Nokia;3.2
Nokia;3.4
Nokia;4.2
Nokia;5
Nokia;5.1
Nokia;5.1 Plus
Nokia;5.3
Nokia;5.4
Nokia;6
Nokia;6.1
Nokia;6.1 Plus
Nokia;6.2
Nokia;7
Nokia;7.1
Nokia;7.2
Nokia;7 Plus
Nokia;8
Nokia;8.1
Nokia;8.3 5G
Nokia;8 V 5G UW
Nokia;8 Sirocco
Nokia;9 PureView
Nokia;C1
Nokia;C2
Nokia;C5 Endi
Nokia;C3
Nokia;C1 Plus
Nokia;C10
Nokia;C20
Nokia;C01 Plus
Nokia;C20 Plus
Nokia;C1 2nd Edition
Nokia;C30
Nokia;C100
Nokia;C200
Nokia;C2 2nd Edition
Nokia;C21
Nokia;C21 Plus
Nokia;C31
Nokia;C12
Nokia;C02
Nokia;C22
Nokia;C32
Nokia;C12 Pro
Nokia;C12 Plus
Nokia;C110
Nokia;C300
Nokia;C210
Nokia;G10
Nokia;G20
Nokia;G50 5G
Nokia;G300 5G
Nokia;G100
Nokia;G100 Verizon
Nokia;G400 5G
Nokia;G21
Nokia;G11
Nokia;G11 Plus
Nokia;G60 5G
Nokia;G22
Nokia;G42 5G
Nokia;G310 5G
Nokia;X71
Nokia;X10 5G
Nokia;X20 5G
Nokia;XR20 5G
Nokia;X100 5G
Nokia;X30 5G
Nokia;XR21 5G
Nokia;C2 Tava
Nokia;C2 Tennen
Samsung;Galaxy S
Samsung;Galaxy S II
Samsung;Galaxy S II Plus
Samsung;Galaxy S III
Samsung;Galaxy S III Neo
Samsung;Galaxy S4
Samsung;Galaxy S5
Samsung;Galaxy S6
Samsung;Galaxy S6 edge
Samsung;Galaxy S6 Active
Samsung;Galaxy S6 edge+
Samsung;Galaxy S7
Samsung;Galaxy S7 edge
Samsung;Galaxy S7 Active
Samsung;Galaxy S8
Samsung;Galaxy S8+
Samsung;Galaxy S8 Active
Samsung;Galaxy S9
Samsung;Galaxy S9+
Samsung;Galaxy S10e
Samsung;Galaxy S10
Samsung;Galaxy S10+
Samsung;Galaxy S10 5G
Samsung;Galaxy S10 Lite
Samsung;Galaxy S20
Samsung;Galaxy S20+
Samsung;Galaxy S20 Ultra
Samsung;Galaxy S20 FE
Samsung;Galaxy S20 Tactical Edition
Samsung;Galaxy S21
Samsung;Galaxy S21+
Samsung;Galaxy S21 Ultra
Samsung;Galaxy S21 FE
Samsung;Galaxy S22
Samsung;Galaxy S22+
Samsung;Galaxy S22 Ultra
Samsung;Galaxy S23
Samsung;Galaxy S23+
Samsung;Galaxy S23 Ultra
Samsung;Galaxy S23 FE
Samsung;Galaxy S24
Samsung;Galaxy S24+
Samsung;Galaxy S24 Ultra
Samsung;Galaxy S24 FE
Samsung;Galaxy S25
Samsung;Galaxy S25+
Samsung;Galaxy S25 Ultra
Samsung;Galaxy S25 Edge
Samsung;Galaxy S25 FE
Samsung;Galaxy S26
Samsung;Galaxy S26+
Samsung;Galaxy S26 Ultra
Samsung;Galaxy Fold
Samsung;Galaxy Fold 5G
Samsung;Galaxy Z Flip
Samsung;Galaxy Z Flip 5G
Samsung;Galaxy Z Fold2 5G
Samsung;Galaxy Z Fold3 5G
Samsung;Galaxy Z Flip3 5G
Samsung;Galaxy Z Flip 3 Bespoke Edition
Samsung;Galaxy Z Fold 4
Samsung;Galaxy Z Flip 4
Samsung;Galaxy Z Fold 5
Samsung;Galaxy Z Flip 5
Samsung;Galaxy Z Fold 6
Samsung;Galaxy Z Flip 6
Samsung;Galaxy Z Fold SE
Samsung;Galaxy Z Fold 7
Samsung;Galaxy Z Flip 7
Samsung;Galaxy Z Flip 7 FE
Samsung;Galaxy Z TriFold
Samsung;Galaxy A2 Core
Samsung;Galaxy A01 Core
Samsung;Galaxy A01
Samsung;Galaxy A02
Samsung;Galaxy A02s
Samsung;Galaxy A03 Core
Samsung;Galaxy A03
Samsung;Galaxy A03s
Samsung;Galaxy A04e
Samsung;Galaxy A04
Samsung;Galaxy A04s
Samsung;Galaxy A05
Samsung;Galaxy A05s
Samsung;Galaxy A10e
Samsung;Galaxy A10
Samsung;Galaxy A10s
Samsung;Galaxy A11
Samsung;Galaxy A12
Samsung;Galaxy A12 Nacho
Samsung;Galaxy A13
Samsung;Galaxy A13 5G
Samsung;Galaxy A14
Samsung;Galaxy A14 5G
Samsung;Galaxy A15
Samsung;Galaxy A15 5G
Samsung;Galaxy A16
Samsung;Galaxy A16 5G
Samsung;Galaxy A17
Samsung;Galaxy A17 5G
Samsung;Galaxy A20e
Samsung;Galaxy A20
Samsung;Galaxy A20s
Samsung;Galaxy A21
Samsung;Galaxy A21s
Samsung;Galaxy A22
Samsung;Galaxy A22 5G
Samsung;Galaxy A23
Samsung;Galaxy A23 5G
Samsung;Galaxy A24
Samsung;Galaxy A25 5G
Samsung;Galaxy A26 5G
Samsung;Galaxy A30
Samsung;Galaxy A30s
Samsung;Galaxy A31
Samsung;Galaxy A32
Samsung;Galaxy A32 5G
Samsung;Galaxy A33 5G
Samsung;Galaxy A34 5G
Samsung;Galaxy A35 5G
Samsung;Galaxy A36 5G
Samsung;Galaxy A40
Samsung;Galaxy A41
Samsung;Galaxy A42 5G
Samsung;Galaxy A50
Samsung;Galaxy A50s
Samsung;Galaxy A51
Samsung;Galaxy A51 5G
Samsung;Galaxy A51 5G UW
Samsung;Galaxy A52
Samsung;Galaxy A52 5G
Samsung;Galaxy A52s 5G
Samsung;Galaxy A53 5G
Samsung;Galaxy A54 5G
Samsung;Galaxy A55 5G
Samsung;Galaxy A56 5G
Samsung;Galaxy A3 (2015)
Samsung;Galaxy A3 (2016)
Samsung;Galaxy A3 (2017)
Samsung;Galaxy A5 (2015)
Samsung;Galaxy A5 (2016)
Samsung;Galaxy A5 (2017)
Samsung;Galaxy A6 (2018)
Samsung;Galaxy A6+ (2018)
Samsung;Galaxy A7 (2015)
Samsung;Galaxy A7 (2016)
Samsung;Galaxy A7 (2017)
Samsung;Galaxy A7 (2018)
Samsung;Galaxy A8 (2015)
Samsung;Galaxy A8 (2016)
Samsung;Galaxy A8 (2018)
Samsung;Galaxy A8+ (2018)
Samsung;Galaxy A60
Samsung;Galaxy A70
Samsung;Galaxy A70s
Samsung;Galaxy A71
Samsung;Galaxy A71 5G
Samsung;Galaxy A71 5G UW
Samsung;Galaxy A72
Samsung;Galaxy A73 5G
Samsung;Galaxy A80
Samsung;Galaxy A82 5G
Samsung;Galaxy A9 (2016)
Samsung;Galaxy A9 Pro (2016)
Samsung;Galaxy A9 (2018)
Samsung;Galaxy A9s
Samsung;Galaxy A90 5G
Samsung;Galaxy M01
Samsung;Galaxy M01 Core
Samsung;Galaxy M01s
Samsung;Galaxy M02
Samsung;Galaxy M02s
Samsung;Galaxy M04
Samsung;Galaxy M05
Samsung;Galaxy M06 5G
Samsung;Galaxy M10
Samsung;Galaxy M10s
Samsung;Galaxy M11
Samsung;Galaxy M12
Samsung;Galaxy M13
Samsung;Galaxy M13 5G
Samsung;Galaxy M14
Samsung;Galaxy M14 5G
Samsung;Galaxy M15 5G
Samsung;Galaxy M16 5G
Samsung;Galaxy M20
Samsung;Galaxy M21
Samsung;Galaxy M21s
Samsung;Galaxy M21 2021
Samsung;Galaxy M22
Samsung;Galaxy M23 5G
Samsung;Galaxy M30
Samsung;Galaxy M30s
Samsung;Galaxy M31
Samsung;Galaxy M31s
Samsung;Galaxy M32
Samsung;Galaxy M32 5G
Samsung;Galaxy M33 5G
Samsung;Galaxy M34 5G
Samsung;Galaxy M35 5G
Samsung;Galaxy M36 5G
Samsung;Galaxy M40
Samsung;Galaxy M42 5G
Samsung;Galaxy M44 5G
Samsung;Galaxy M51
Samsung;Galaxy M52 5G
Samsung;Galaxy M53 5G
Samsung;Galaxy M54 5G
Samsung;Galaxy M55 5G
Samsung;Galaxy M55s 5G
Samsung;Galaxy M56 5G
Samsung;Galaxy M62
Samsung;Galaxy F02s
Samsung;Galaxy F04
Samsung;Galaxy F05
Samsung;Galaxy F06 5G
Samsung;Galaxy F12
Samsung;Galaxy F13
Samsung;Galaxy F14
Samsung;Galaxy F14 5G
Samsung;Galaxy F15 5G
Samsung;Galaxy F23 5G
Samsung;Galaxy F34 5G
Samsung;Galaxy F42 5G
Samsung;Galaxy F54 5G
Samsung;Galaxy F55 5G
Samsung;F16 5G
Samsung;F17 5G
Samsung;Galaxy Note
Samsung;Galaxy Note II
Samsung;Galaxy Note 3
Samsung;Galaxy Note 3 Neo
Samsung;Galaxy Note 4
Samsung;Galaxy Note Edge
Samsung;Galaxy Note 5
Samsung;Galaxy Note 7
Samsung;Galaxy Note FE
Samsung;Galaxy Note 8
Samsung;Galaxy Note 9
Samsung;Galaxy Note 10
Samsung;Galaxy Note 10+
Samsung;Galaxy Note 10 Lite
Samsung;Galaxy Note 20
Samsung;Galaxy Note 20 Ultra
Samsung;Galaxy Xcover
Samsung;Galaxy Xcover 2
Samsung;Galaxy Xcover 3
Samsung;Galaxy Xcover 3 Value Edition
Samsung;Galaxy Xcover 4
Samsung;Galaxy Xcover 4s
Samsung;Galaxy Xcover FieldPro
Samsung;Galaxy Xcover Pro
Samsung;Galaxy Xcover 5
Samsung;Galaxy Xcover 6 Pro
Samsung;Galaxy Xcover 7
Samsung;Galaxy Xcover 7 Pro
Samsung;Galaxy A37 5G
Samsung;Galaxy A57 5G
Xiaomi;Mi 1
Xiaomi;Mi 1 Youth
Xiaomi;Mi 1S
Xiaomi;Mi 1S Youth
Xiaomi;Mi 2
Xiaomi;Mi 2S
Xiaomi;Mi 2A
Xiaomi;Mi 3
Xiaomi;Mi 4
Xiaomi;Mi 4i
Xiaomi;Mi 4c
Xiaomi;Mi 4S
Xiaomi;Mi 5
Xiaomi;Mi 5s
Xiaomi;Mi 5s Plus
Xiaomi;Mi 5c
Xiaomi;Mi 5X
Xiaomi;Mi 6
Xiaomi;Mi 6X
Xiaomi;Mi 8
Xiaomi;Mi 8 Explorer Edition
Xiaomi;Mi 8 Pro
Xiaomi;Mi 8 UD
Xiaomi;Mi 8 Lite
Xiaomi;Mi 8 Youth
Xiaomi;Mi 8 SE
Xiaomi;Mi 9
Xiaomi;Mi 9 SE
Xiaomi;Mi 9 Lite
Xiaomi;Mi 9 Pro 5G
Xiaomi;Mi 10
Xiaomi;Mi 10 Lite
Xiaomi;Mi 10 Youth
Xiaomi;Mi 10 Pro
Xiaomi;Mi 10 Ultra
Xiaomi;Mi 10i
Xiaomi;Mi 10S
Xiaomi;Mi 10T
Xiaomi;Mi 10T Pro
Xiaomi;Mi 10T Lite
Xiaomi;11
Xiaomi;11 Lite
Xiaomi;11 Lite 5G
Xiaomi;11 Youth
Xiaomi;11 Lite 5G NE
Xiaomi;11 Lite NE
Xiaomi;11 LE
Xiaomi;Mi 11 Pro
Xiaomi;Mi 11 Ultra
Xiaomi;Mi 11i
Xiaomi;Mi 11X
Xiaomi;Mi 11X Pro
Xiaomi;12
Xiaomi;12X
Xiaomi;12 Pro
Xiaomi;12 Pro Dimensity
Xiaomi;12 Lite
Xiaomi;12S
Xiaomi;12S Pro
Xiaomi;12S Ultra
Xiaomi;13
Xiaomi;13 Pro
Xiaomi;13 Lite
Xiaomi;13 Ultra
Xiaomi;14
Xiaomi;14 Pro
Xiaomi;14 Ultra
Xiaomi;14 Civi
Xiaomi;15
Xiaomi;15 Pro
Xiaomi;15 Ultra
Xiaomi;15S Pro
Xiaomi;17 Pro
Xiaomi;17 Ultra
Xiaomi;9T
Xiaomi;9T Pro
Xiaomi;10T
Xiaomi;10T Pro
Xiaomi;10T Lite
Xiaomi;11T
Xiaomi;11T Pro
Xiaomi;12T
Xiaomi;12T Pro
Xiaomi;13T
Xiaomi;13T Pro
Xiaomi;14T
Xiaomi;14T Pro
Xiaomi;15T
Xiaomi;15T Pro
Xiaomi;Mi MIX
Xiaomi;Mi MIX 2
Xiaomi;Mi MIX 2S
Xiaomi;Mi MIX 3
Xiaomi;Mi MIX 3 5G
Xiaomi;Mi MIX Alpha
Xiaomi;Mi Mix Fold
Xiaomi;MIX 4
Xiaomi;Mix Fold 2
Xiaomi;Mix Fold 3
Xiaomi;Mix Fold 4
Xiaomi;MIX Flip
Xiaomi;MIX Flip 2
Xiaomi;Mi Note
Xiaomi;Mi Note Pro
Xiaomi;Mi Note 2
Xiaomi;Mi Note 3
Xiaomi;Mi Note 10
Xiaomi;Mi Note 10 Pro
Xiaomi;Mi Note 10 Lite
Xiaomi;Mi Max
Xiaomi;Mi Max Prime
Xiaomi;Mi Max 2
Xiaomi;Mi Max 3
Xiaomi;Mi A1
Xiaomi;Mi A2
Xiaomi;Mi A2 Lite
Xiaomi;Mi A3
Xiaomi;Mi CC9
Xiaomi;Mi CC9e
Xiaomi;Mi CC9 Pro
Xiaomi;Civi
Xiaomi;Civi 1S
Xiaomi;Civi 2
Xiaomi;Civi 3
Xiaomi;Civi 4 Pro
Xiaomi;Civi 5 Pro
Xiaomi;Redmi 1S
Xiaomi;Redmi 2
Xiaomi;Redmi 2 Prime
Xiaomi;Redmi 3
Xiaomi;Redmi 3S
Xiaomi;Redmi 3S Prime
Xiaomi;Redmi 3X
Xiaomi;Redmi 4
Xiaomi;Redmi 4 Prime
Xiaomi;Redmi 4 Pro
Xiaomi;Redmi 4A
Xiaomi;Redmi 4X
Xiaomi;Redmi 5
Xiaomi;Redmi 5A
Xiaomi;Redmi 5 Plus
Xiaomi;Redmi 6
Xiaomi;Redmi 6A
Xiaomi;Redmi 6 Pro
Xiaomi;Redmi 7
Xiaomi;Redmi 7A
Xiaomi;Redmi 8
Xiaomi;Redmi 8A
Xiaomi;Redmi 8A Dual
Xiaomi;Redmi 9
Xiaomi;Redmi 9A
Xiaomi;Redmi 9AT
Xiaomi;Redmi 9A Sport
Xiaomi;Redmi 9 Activ
Xiaomi;Redmi 9C
Xiaomi;Redmi 9 Prime
Xiaomi;Redmi 9 Power
Xiaomi;Redmi 9T
Xiaomi;Redmi 9i
Xiaomi;Redmi 9i Sport
Xiaomi;Redmi 10X 4G
Xiaomi;Redmi 10X 5G
Xiaomi;Redmi 10X Pro 5G
Xiaomi;Redmi 10 2021
Xiaomi;Redmi 10 Prime
Xiaomi;Redmi 10 2022
Xiaomi;Redmi 10A
Xiaomi;Redmi 10C
Xiaomi;Redmi 10 5G
Xiaomi;Redmi 10 Prime 5G
Xiaomi;Redmi 11 Prime
Xiaomi;Redmi 11 Prime 5G
Xiaomi;Redmi 12
Xiaomi;Redmi 12 5G
Xiaomi;Redmi 12C
Xiaomi;Redmi 13
Xiaomi;Redmi 13C
Xiaomi;Redmi 13C 5G
Xiaomi;Redmi 13 5G
Xiaomi;Redmi 13R
Xiaomi;Redmi 13x
Xiaomi;Redmi 14C
Xiaomi;Redmi 14C 5G
Xiaomi;Redmi 14R 5G
Xiaomi;Redmi 15
Xiaomi;Redmi 15 5G
Xiaomi;Redmi 15C
Xiaomi;Redmi Note
Xiaomi;Redmi Note Prime
Xiaomi;Redmi Note 2
Xiaomi;Redmi Note 2 Pro
Xiaomi;Redmi Note 3
Xiaomi;Redmi Note 3 Pro
Xiaomi;Redmi Note 3 Special Edition
Xiaomi;Redmi Note 4
Xiaomi;Redmi Note 4X
Xiaomi;Redmi Note 5
Xiaomi;Redmi Note 5A
Xiaomi;Redmi Note 5A Prime
Xiaomi;Redmi Note 5 Pro
Xiaomi;Redmi Note 6 Pro
Xiaomi;Redmi Note 7
Xiaomi;Redmi Note 7S
Xiaomi;Redmi Note 7 Pro
Xiaomi;Redmi Note 8
Xiaomi;Redmi Note 8T
Xiaomi;Redmi Note 8 Pro
Xiaomi;Redmi Note 8 2021
Xiaomi;Redmi Note 9
Xiaomi;Redmi Note 9S
Xiaomi;Redmi Note 9 Pro
Xiaomi;Redmi Note 9 Pro Max
Xiaomi;Redmi Note 9 4G
Xiaomi;Redmi Note 9 5G
Xiaomi;Redmi Note 9 Pro 5G
Xiaomi;Redmi Note 10
Xiaomi;Redmi Note 10S
Xiaomi;Redmi Note 10 5G
Xiaomi;Redmi Note 10 JE
Xiaomi;Redmi Note 10T 5G
Xiaomi;Redmi Note 10 Pro
Xiaomi;Redmi Note 10 Pro Max
Xiaomi;Redmi Note 10 Lite
Xiaomi;Redmi Note 11
Xiaomi;Redmi Note 11S
Xiaomi;Redmi Note 11 5G
Xiaomi;Redmi Note 11 SE
Xiaomi;Redmi Note 11E
Xiaomi;Redmi Note 11E Pro
Xiaomi;Redmi Note 11 Pro
Xiaomi;Redmi Note 11 Pro 5G
Xiaomi;Redmi Note 11 Pro+ 5G
Xiaomi;Redmi Note 11T 5G
Xiaomi;Redmi Note 11T Pro
Xiaomi;Redmi Note 11T Pro+
Xiaomi;Redmi Note 12
Xiaomi;Redmi Note 12 4G
Xiaomi;Redmi Note 12 5G
Xiaomi;Redmi Note 12S
Xiaomi;Redmi Note 12R
Xiaomi;Redmi Note 12R Pro
Xiaomi;Redmi Note 12 Pro
Xiaomi;Redmi Note 12 Pro 4G
Xiaomi;Redmi Note 12 Pro 5G
Xiaomi;Redmi Note 12 Pro Speed
Xiaomi;Redmi Note 12 Pro+
Xiaomi;Redmi Note 12 Discovery
Xiaomi;Redmi Note 12 Turbo
Xiaomi;Redmi Note 12T Pro
Xiaomi;Redmi Note 13
Xiaomi;Redmi Note 13 5G
Xiaomi;Redmi Note 13 Pro
Xiaomi;Redmi Note 13 Pro 5G
Xiaomi;Redmi Note 13 Pro+
Xiaomi;Redmi Note 13R Pro
Xiaomi;Redmi Note 13R
Xiaomi;Redmi Note 14
Xiaomi;Redmi Note 14 5G
Xiaomi;Redmi Note 14 Pro
Xiaomi;Redmi Note 14 Pro 5G
Xiaomi;Redmi Note 14 Pro+ 5G
Xiaomi;Redmi Note 14 SE
Xiaomi;Redmi Note 14S
Xiaomi;Redmi Note 15R
Xiaomi;Redmi Turbo 3
Xiaomi;Redmi Turbo 4
Xiaomi;Redmi Turbo 4 Pro
Xiaomi;Redmi K20
Xiaomi;Redmi K20 Pro
Xiaomi;Redmi K30
Xiaomi;Redmi K30 5G
Xiaomi;Redmi K30 5G Racing
Xiaomi;Redmi K30i 5G
Xiaomi;Redmi K30 Pro
Xiaomi;Redmi K30 Pro Zoom
Xiaomi;Redmi K30 Ultra
Xiaomi;Redmi K40
Xiaomi;Redmi K40 Pro
Xiaomi;Redmi K40 Pro+
Xiaomi;Redmi K40 Gaming
Xiaomi;Redmi K40S
Xiaomi;Redmi K50
Xiaomi;Redmi K50 Pro
Xiaomi;Redmi K50 Gaming
Xiaomi;Redmi K50i
Xiaomi;Redmi K50 Ultra
Xiaomi;Redmi K60
Xiaomi;Redmi K60E
Xiaomi;Redmi K60 Pro
Xiaomi;Redmi K60 Ultra
Xiaomi;Redmi K70
Xiaomi;Redmi K70E
Xiaomi;Redmi K70 Pro
Xiaomi;Redmi K70 Ultra
Xiaomi;Redmi K80
Xiaomi;Redmi K80 Pro
Xiaomi;Redmi A1
Xiaomi;Redmi A1+
Xiaomi;Redmi A2
Xiaomi;Redmi A2+
Xiaomi;Redmi A3
Xiaomi;Redmi A3x
Xiaomi;Redmi A3 Pro
Xiaomi;Redmi A4 5G
Xiaomi;Redmi A5
Xiaomi;Redmi A7 4G
Xiaomi;Redmi A7 Pro 4G
Xiaomi;Redmi Y1
Xiaomi;Redmi Y1 Lite
Xiaomi;Redmi Y2
Xiaomi;Redmi Y3
Xiaomi;Redmi S2
Xiaomi;Redmi Go
Xiaomi;Pocophone F1
Xiaomi;Poco F1
Xiaomi;Poco F2 Pro
Xiaomi;Poco F3
Xiaomi;Poco F3 GT
Xiaomi;Poco F4
Xiaomi;Poco F4 GT
Xiaomi;Poco F5
Xiaomi;Poco F5 Pro
Xiaomi;Poco F6
Xiaomi;Poco F6 Pro
Xiaomi;Poco F7
Xiaomi;Poco F7 Pro
Xiaomi;Poco F7 Ultra
Xiaomi;Poco X2
Xiaomi;Poco X3
Xiaomi;Poco X3 NFC
Xiaomi;Poco X3 Pro
Xiaomi;Poco X3 GT
Xiaomi;Poco X4 Pro 5G
Xiaomi;Poco X4 GT
Xiaomi;Poco X5 5G
Xiaomi;Poco X5 Pro 5G
Xiaomi;Poco X6
Xiaomi;Poco X6 Pro
Xiaomi;Poco X6 Neo
Xiaomi;Poco X7
Xiaomi;Poco X7 Pro
Xiaomi;Poco M2
Xiaomi;Poco M2 Reloaded
Xiaomi;Poco M2 Pro
Xiaomi;Poco M3
Xiaomi;Poco M3 Pro 5G
Xiaomi;Poco M4 Pro 5G
Xiaomi;Poco M4 Pro
Xiaomi;Poco M4 5G
Xiaomi;Poco M5
Xiaomi;Poco M5s
Xiaomi;Poco M6 Pro 5G
Xiaomi;Poco M6 5G
Xiaomi;Poco M6 Pro
Xiaomi;Poco M6 Plus
Xiaomi;Poco M7 Pro 5G
Xiaomi;Poco M7 5G
Xiaomi;Poco M7
Xiaomi;Poco M7 Plus
Xiaomi;Poco C3
Xiaomi;Poco C31
Xiaomi;Poco C40
Xiaomi;Poco C50
Xiaomi;Poco C51
Xiaomi;Poco C55
Xiaomi;Poco C61
Xiaomi;Poco C65
Xiaomi;Poco C71
Xiaomi;Poco C75
Xiaomi;Poco C85
Xiaomi;17
Xiaomi;Redmi Note 15
Xiaomi;Redmi Note 15 Pro
Xiaomi;Redmi Note 15 Pro+ 5G
Vivo;G1
Vivo;G2
Vivo;NEX
Vivo;NEX Dual Display
Vivo;NEX 3
Vivo;NEX 3 5G
Vivo;NEX 3S
Vivo;S1
Vivo;S1 Pro
Vivo;S1 Prime
Vivo;S5
Vivo;S6
Vivo;S7
Vivo;S7e
Vivo;S7t
Vivo;S9
Vivo;S9e
Vivo;S10
Vivo;S10 Pro
Vivo;S10e
Vivo;S12
Vivo;S12 Pro
Vivo;S15
Vivo;S15 Pro
Vivo;S15e
Vivo;S16
Vivo;S16 Pro
Vivo;S16e
Vivo;S17
Vivo;S17 Pro
Vivo;S17e
Vivo;S17t
Vivo;S18
Vivo;S18 Pro
Vivo;S18e
Vivo;S19
Vivo;S19 Pro
Vivo;S20
Vivo;S20 Pro
Vivo;S30
Vivo;S30 Pro mini
Vivo;T1
Vivo;T1x
Vivo;T1x 4G
Vivo;T1 5G
Vivo;T2
Vivo;T2 Pro
Vivo;T2x
Vivo;T3
Vivo;T3x
Vivo;T3 Pro
Vivo;T4
Vivo;T4x
Vivo;T4 Lite
Vivo;T4 Ultra
Vivo;U1
Vivo;U3
Vivo;U10
Vivo;U20
Vivo;V1
Vivo;V1 Max
Vivo;V3
Vivo;V3 Max
Vivo;V5
Vivo;V5 Plus
Vivo;V5 Lite
Vivo;V5s
Vivo;V7
Vivo;V7+
Vivo;V9
Vivo;V9 Youth
Vivo;V11
Vivo;V11 Pro
Vivo;V11i
Vivo;V15
Vivo;V15 Pro
Vivo;V17
Vivo;V17 Pro
Vivo;V17 Neo
Vivo;V19
Vivo;V19 Neo
Vivo;V20
Vivo;V20 2021
Vivo;V20 Pro
Vivo;V20 SE
Vivo;V21
Vivo;V21 5G
Vivo;V21e
Vivo;V21e 5G
Vivo;V21s
Vivo;V23
Vivo;V23 Pro
Vivo;V23e
Vivo;V23e 5G
Vivo;V25
Vivo;V25 Pro
Vivo;V25e
Vivo;V27
Vivo;V27 Pro
Vivo;V27e
Vivo;V29
Vivo;V29 Pro
Vivo;V29 Lite
Vivo;V29e
Vivo;V30
Vivo;V30 Pro
Vivo;V30 Lite
Vivo;V30e
Vivo;V40
Vivo;V40 Pro
Vivo;V40 Lite
Vivo;V40 SE
Vivo;V50
Vivo;V50 Lite
Vivo;V60
Vivo;X1
Vivo;X1S
Vivo;X1St
Vivo;X3
Vivo;X3F
Vivo;X3L
Vivo;X3V
Vivo;X3S
Vivo;X3t
Vivo;X5
Vivo;X5 Max
Vivo;X5 Max+
Vivo;X5 Max Platinum Edition
Vivo;X5 Pro
Vivo;X6
Vivo;X6A
Vivo;X6 Plus
Vivo;X6S
Vivo;X6S Plus
Vivo;X7
Vivo;X7 Plus
Vivo;X9
Vivo;X9i
Vivo;X9 Plus
Vivo;X9s
Vivo;X9s Plus
Vivo;X20
Vivo;X20 Plus
Vivo;X20 Plus UD
Vivo;X21
Vivo;X21 UD
Vivo;X21i
Vivo;X23
Vivo;X27
Vivo;X27 Pro
Vivo;X30
Vivo;X30 Pro
Vivo;X50
Vivo;X50 Pro
Vivo;X50 Pro+
Vivo;X50 Lite
Vivo;X50e
Vivo;X51
Vivo;X60
Vivo;X60 Pro
Vivo;X60 Pro+
Vivo;X60t
Vivo;X60t Pro+
Vivo;X70
Vivo;X70 Pro
Vivo;X70 Pro+
Vivo;X80
Vivo;X80 Pro
Vivo;X Note
Vivo;X90
Vivo;X90 Pro
Vivo;X90 Pro+
Vivo;X90s
Vivo;X100
Vivo;X100 Pro
Vivo;X100 Ultra
Vivo;X100s
Vivo;X100s Pro
Vivo;X200
Vivo;X200s
Vivo;X200 Pro
Vivo;X200 Pro Mini
Vivo;X200 Ultra
Vivo;X200 FE
Vivo;X300
Vivo;X300 Pro
Vivo;X Flip
Vivo;X Fold
Vivo;X Fold+
Vivo;X Fold 2
Vivo;X Fold 3
Vivo;X Fold 3 Pro
Vivo;X Fold 5
Vivo;Xplay
Vivo;Xplay 3S
Vivo;Xplay 5
Vivo;Xplay 5 Elite
Vivo;Xplay 6
Vivo;Xshot
Vivo;Xshot Elite
Vivo;Xshot Ultimate
Vivo;Y01
Vivo;Y02
Vivo;Y02A
Vivo;Y02s
Vivo;Y03
Vivo;Y03t
Vivo;Y04
Vivo;Y1s
Vivo;Y3
Vivo;Y3s
Vivo;Y3s (2021)
Vivo;Y5s
Vivo;Y9s
Vivo;Y11
Vivo;Y11i
Vivo;Y11 (2019)
Vivo;Y11s
Vivo;Y11 (2023)
Vivo;Y12
Vivo;Y12i
Vivo;Y12s
Vivo;Y12s (2021)
Vivo;Y12G
Vivo;Y15
Vivo;Y15 (2019)
Vivo;Y15S
Vivo;Y15s (2021)
Vivo;Y15a
Vivo;Y16
Vivo;Y17
Vivo;Y17T
Vivo;Y17W
Vivo;Y17 (2019)
Vivo;Y17s
Vivo;Y18
Vivo;Y18e
Vivo;Y19
Vivo;Y19s
Vivo;Y19t (2013)
Vivo;Y20 (2014)
Vivo;Y20 (2020)
Vivo;Y20 (2021)
Vivo;Y20A
Vivo;Y20G
Vivo;Y20s G
Vivo;Y20i
Vivo;Y20s
Vivo;Y20T
Vivo;Y21
Vivo;Y21A
Vivo;Y21e
Vivo;Y21G
Vivo;Y21s
Vivo;Y21T
Vivo;Y22
Vivo;Y22s
Vivo;Y25
Vivo;Y27
Vivo;Y27 (2023)
Vivo;Y27 5G
Vivo;Y27s
Vivo;Y28
Vivo;Y28 (2024)
Vivo;Y29L
Vivo;Y29
Vivo;Y29 5G
Vivo;Y30
Vivo;Y30 5G
Vivo;Y30 Standard
Vivo;Y30G
Vivo;Y31
Vivo;Y31 (2021)
Vivo;Y31s
Vivo;Y32
Vivo;Y33
Vivo;Y33e
Vivo;Y33s
Vivo;Y33s 5G
Vivo;Y33T
Vivo;Y35
Vivo;Y35 (2022)
Vivo;Y35+
Vivo;Y36
Vivo;Y36 5G
Vivo;Y36i
Vivo;Y37
Vivo;Y37 5G
Vivo;Y37m
Vivo;Y37 Pro
Vivo;Y38
Vivo;Y50
Vivo;Y50t
Vivo;Y51 (2015)
Vivo;Y51 2020 (e)
Vivo;Y51 2020 (l)
Vivo;Y51s
Vivo;Y52
Vivo;Y52s
Vivo;Y52s t1
Vivo;Y53
Vivo;Y53i
Vivo;Y53s
Vivo;Y54s
Vivo;Y55
Vivo;Y55 5G
Vivo;Y55s
Vivo;Y55L
Vivo;Y56
Vivo;Y58
Vivo;Y65
Vivo;Y67
Vivo;Y69
Vivo;Y70
Vivo;Y70s
Vivo;Y70t
Vivo;Y71
Vivo;Y71i
Vivo;Y71t
Vivo;Y72
Vivo;Y72t
Vivo;Y73
Vivo;Y73s
Vivo;Y74s
Vivo;Y75
Vivo;Y75 5G
Vivo;Y75 (2022)
Vivo;Y76
Vivo;Y76s
Vivo;Y77
Vivo;Y77 China
Vivo;Y77e
Vivo;Y77e t1
Vivo;Y77t
Vivo;Y78
Vivo;Y78+
Vivo;Y78t
Vivo;Y81
Vivo;Y81i
Vivo;Y83
Vivo;Y83 Pro
Vivo;Y85
Vivo;Y89
Vivo;Y90
Vivo;Y91
Vivo;Y91C
Vivo;Y91i
Vivo;Y93
Vivo;Y93s
Vivo;Y95
Vivo;Y97
Vivo;Y100
Vivo;Y100 5G
Vivo;Y100A
Vivo;Y100i
Vivo;Y100t
Vivo;Y200
Vivo;Y200e
Vivo;Y200i
Vivo;Y200t
Vivo;Y200 GT
Vivo;Y200 Pro
Vivo;Y200+
Vivo;Y300
Vivo;Y300 Pro
Vivo;Y300 Pro+
Vivo;Y400
Vivo;Y400 Pro
Vivo;Y400 5G
Vivo;Y500
Vivo;Z1
Vivo;Z1i
Vivo;Z1 Pro
Vivo;Z1x
Vivo;Z5
Vivo;Z5i
Vivo;Z5x
Vivo;Z5x (2020)
Vivo;Z6
Vivo;V60 Lite
Vivo;V60 Lite 5G
Vivo;V70
Vivo;Y200 5G
Realme;1
Realme;2
Realme;2 Pro
Realme;3
Realme;3 Pro
Realme;3i
Realme;5
Realme;5 Pro
Realme;5i
Realme;5s
Realme;6
Realme;6 Pro
Realme;6i
Realme;6s
Realme;7
Realme;7 Pro
Realme;7i
Realme;7 5G
Realme;8
Realme;8 Pro
Realme;8i
Realme;8 5G
Realme;8s 5G
Realme;9
Realme;9 5G Global
Realme;9 5G India
Realme;9 Speed Edition
Realme;9 Pro
Realme;9 Pro+
Realme;9i
Realme;9i 5G
Realme;10
Realme;10 5G
Realme;10 Pro
Realme;10 Pro+
Realme;10s
Realme;10T
Realme;11
Realme;11 5G
Realme;11x
Realme;11 Pro
Realme;11 Pro+
Realme;12
Realme;12 5G
Realme;12+ 5G
Realme;12x 5G
Realme;12 Lite
Realme;12 Pro
Realme;12 Pro+
Realme;13
Realme;13 5G
Realme;13+ 5G
Realme;13 Pro
Realme;13 Pro+
Realme;14
Realme;14T 5G
Realme;14 Pro
Realme;14 Pro+
Realme;14x 5G
Realme;15 5G
Realme;15 Pro 5G
Realme;15T 5G
Realme;16 5G
Realme;16 Pro 5G
Realme;16 Pro+ 5G
Realme;U1
Realme;C1
Realme;C1 (2019)
Realme;C2
Realme;C2 (2020)
Realme;C2s
Realme;C3
Realme;C3i
Realme;C11
Realme;C11 (2021)
Realme;C12
Realme;C15
Realme;C15 Qualcomm Edition
Realme;C17
Realme;C20
Realme;C20A
Realme;C21
Realme;C21Y
Realme;C25
Realme;C25s
Realme;C25Y
Realme;C30
Realme;C30s
Realme;C31
Realme;C33
Realme;C35
Realme;C51
Realme;C51s
Realme;C53
Realme;C55
Realme;C61
Realme;C63
Realme;C63 5G
Realme;C65
Realme;C65s
Realme;C65 5G
Realme;C67
Realme;C67 5G
Realme;C71
Realme;C73 5G
Realme;C75
Realme;C75 5G
Realme;C75x
Realme;C85
Realme;C85 Pro
Realme;GT
Realme;GT Master Edition
Realme;GT Explorer Master Edition
Realme;GT2
Realme;GT2 Pro
Realme;GT2 Explorer Master Edition
Realme;GT3
Realme;GT5
Realme;GT5 Pro
Realme;GT6
Realme;GT 6T
Realme;GT6 China
Realme;GT7
Realme;GT7 Pro
Realme;GT7 Racing
Realme;GT8
Realme;GT8 Pro
Realme;GT Neo
Realme;GT Neo Flash
Realme;GT Neo2
Realme;GT Neo2T
Realme;GT Neo3
Realme;GT Neo3T
Realme;GT Neo5
Realme;GT Neo5 SE
Realme;GT Neo6
Realme;GT Neo6 SE
Realme;Neo7
Realme;Neo7 SE
Realme;Neo7x
Realme;Narzo
Realme;Narzo 10
Realme;Narzo 10A
Realme;Narzo 20
Realme;Narzo 20 Pro
Realme;Narzo 20A
Realme;Narzo 30
Realme;Narzo 30 5G
Realme;Narzo 30 Pro
Realme;Narzo 30A
Realme;Narzo 50
Realme;Narzo 50A
Realme;Narzo 50A Prime
Realme;Narzo 50i
Realme;Narzo 50i Prime
Realme;Narzo 50 Pro
Realme;Narzo 60
Realme;Narzo 60 Pro
Realme;Narzo 60x
Realme;Narzo 70
Realme;Narzo 70 Pro
Realme;Narzo 70x
Realme;Narzo 70 Turbo
Realme;Narzo 80 Pro
Realme;Narzo 80x
Realme;Narzo N53
Realme;Narzo N55
Realme;Narzo N61
Realme;Narzo N65
Realme;Note 50
Realme;Note 60
Realme;Note 60x
Realme;Note 70
Realme;P1
Realme;P1 Pro
Realme;P1 Speed
Realme;P2 Pro
Realme;P3
Realme;P3 Pro
Realme;P3x
Realme;P3 Ultra
Realme;P4
Realme;P4 Pro
Realme;Q
Realme;Q2
Realme;Q2 Pro
Realme;Q2i
Realme;Q3
Realme;Q3 Pro
Realme;Q3 Carnival
Realme;Q3i
Realme;Q3s
Realme;Q3t
Realme;Q5
Realme;Q5 Carnival
Realme;Q5 Pro
Realme;Q5i
Realme;Q5x
Realme;V3
Realme;V5
Realme;V11
Realme;V11s 5G
Realme;V13
Realme;V15
Realme;V20
Realme;V23
Realme;V25
Realme;V30
Realme;V30T
Realme;V50
Realme;V50s
Realme;V60
Realme;V60s
Realme;V60 Pro
Realme;X
Realme;X Master Edition
Realme;XT
Realme;X2
Realme;X2 Pro
Realme;X2 Pro Master Edition
Realme;X3
Realme;X3 SuperZoom
Realme;X7
Realme;X7 Pro
Realme;X7 Pro Ultra
Realme;X7 Max
Realme;X50
Realme;X50 Pro
Realme;X50 Pro Player Edition
Realme;GT 7T
Realme;GT 8 Pro
Realme;P3 Lite
Realme;P3 Ultra 5G
Realme;P3x 5G
Realme;P4x 5G
OPPO;A103
OPPO;U529
OPPO;R601
OPPO;R811 Real
OPPO;R815T Clover
OPPO;R817 Real
OPPO;R2001 Yoyo
OPPO;T29
OPPO;Ulike
OPPO;Ulike 2
OPPO;U2S
OPPO;U3
OPPO;A1
OPPO;A1 5G
OPPO;A1k
OPPO;A1 Pro
OPPO;A1x
OPPO;A2
OPPO;A2 Pro
OPPO;A2x
OPPO;A2m
OPPO;A3
OPPO;A3 2024
OPPO;A3 5G
OPPO;A3 5G (China)
OPPO;A3s
OPPO;A3x
OPPO;A3x 5G
OPPO;A3 Pro
OPPO;A3 Pro (China)
OPPO;A5
OPPO;A5s
OPPO;A5 2020
OPPO;A5 5G
OPPO;A5 5G China
OPPO;A5 4G
OPPO;A5x
OPPO;A5 Energy
OPPO;A5 Pro
OPPO;A5 Pro 4G
OPPO;A5 Pro China
OPPO;A6
OPPO;A6t
OPPO;A6 Pro
OPPO;A6 Pro China
OPPO;A7
OPPO;A7x
OPPO;A7n
OPPO;A8
OPPO;A9
OPPO;A9x
OPPO;A9 2020
OPPO;A11
OPPO;A11k
OPPO;A11s
OPPO;A12
OPPO;A12e
OPPO;A12s
OPPO;A15
OPPO;A15s
OPPO;A16
OPPO;A16s
OPPO;A16e
OPPO;A16k
OPPO;A17
OPPO;A17k
OPPO;A18
OPPO;A30
OPPO;A31
OPPO;A31 2020
OPPO;A32
OPPO;A33
OPPO;A33 2020
OPPO;A35
OPPO;A36
OPPO;A37
OPPO;A38
OPPO;A40
OPPO;A40m
OPPO;A51
OPPO;A52
OPPO;A53
OPPO;A53 2020
OPPO;A53s
OPPO;A53s 5G
OPPO;A53 5G
OPPO;A54
OPPO;A54 5G
OPPO;A54s
OPPO;A55
OPPO;A55 5G
OPPO;A55s
OPPO;A56 5G
OPPO;A57
OPPO;A57 5G
OPPO;A57 2022
OPPO;A57e
OPPO;A57s
OPPO;A58
OPPO;A58 5G
OPPO;A58x
OPPO;A59
OPPO;A59 5G
OPPO;A60
OPPO;A60 5G
OPPO;A71
OPPO;A71 2018
OPPO;A71k
OPPO;A72
OPPO;A72 5G
OPPO;A73
OPPO;A73s
OPPO;A73 2020
OPPO;A73 5G
OPPO;A74
OPPO;A74 5G
OPPO;A75
OPPO;A75s
OPPO;A76
OPPO;A77
OPPO;A77 5G
OPPO;A77 2022
OPPO;A77s
OPPO;A78
OPPO;A78 5G
OPPO;A79
OPPO;A79t
OPPO;A79 5G
OPPO;A80
OPPO;A83
OPPO;A91
OPPO;A92
OPPO;A92s
OPPO;A93
OPPO;A93 5G
OPPO;A93s
OPPO;A94
OPPO;A94 5G
OPPO;A95
OPPO;A95 5G
OPPO;A96
OPPO;A96 5G
OPPO;A97
OPPO;A98
OPPO;F1
OPPO;F1 Plus
OPPO;F1s
OPPO;F3
OPPO;F3 Plus
OPPO;F3 Lite
OPPO;F5
OPPO;F5 Plus
OPPO;F5 Youth
OPPO;F7
OPPO;F7 Youth
OPPO;F9
OPPO;F9 Pro
OPPO;F11
OPPO;F11 Pro
OPPO;F15
OPPO;F17
OPPO;F17 Pro
OPPO;F19
OPPO;F19s
OPPO;F19 Pro
OPPO;F19 Pro+
OPPO;F21 Pro
OPPO;F21 Pro 5G
OPPO;F21s Pro
OPPO;F21s Pro 5G
OPPO;F23
OPPO;F25 Pro
OPPO;F27
OPPO;F27 Pro+
OPPO;F29
OPPO;F29 Pro
OPPO;F31
OPPO;Find
OPPO;Finder
OPPO;Find Mirror
OPPO;Find Way
OPPO;Find Muse
OPPO;Find 5
OPPO;Find 5 Mini
OPPO;Find 7
OPPO;Find 7a
OPPO;Find X
OPPO;Find X2
OPPO;Find X2 Pro
OPPO;Find X2 Lite
OPPO;Find X2 Neo
OPPO;Find X3
OPPO;Find X3 Pro
OPPO;Find X3 Lite
OPPO;Find X3 Neo
OPPO;Find X5
OPPO;Find X5 Pro
OPPO;Find X5 Lite
OPPO;Find X6
OPPO;Find X6 Pro
OPPO;Find X7
OPPO;Find X7 Ultra
OPPO;Find X8
OPPO;Find X8 Pro
OPPO;Find X8s
OPPO;Find X8s+
OPPO;Find X8 Ultra
OPPO;Find X9
OPPO;Find X9 Pro
OPPO;Find N
OPPO;Find N2
OPPO;Find N2 Flip
OPPO;Find N3
OPPO;Find N3 Flip
OPPO;Find N5
OPPO;Find N6
OPPO;K1
OPPO;K3
OPPO;K5
OPPO;K7
OPPO;K7x
OPPO;K9
OPPO;K9 Pro
OPPO;K9s
OPPO;K9x
OPPO;K10
OPPO;K10 5G
OPPO;K10 Pro
OPPO;K11
OPPO;K11x
OPPO;K12
OPPO;K12 Plus
OPPO;K12s
OPPO;K12x
OPPO;K13
OPPO;K13x
OPPO;K13 Turbo
OPPO;K13 Turbo Pro
OPPO;K14x 5G
OPPO;N1
OPPO;N1 mini
OPPO;N3
OPPO;Neo
OPPO;Neo 3
OPPO;Neo 5
OPPO;Neo 5 (2015)
OPPO;Neo 5s
OPPO;Neo 7
OPPO;Mirror 3
OPPO;Mirror 5
OPPO;Mirror 5 Lite
OPPO;Mirror 5s
OPPO;Joy
OPPO;Joy Plus
OPPO;Joy 3
OPPO;R1
OPPO;R1C
OPPO;R1s
OPPO;R1x
OPPO;R3
OPPO;R5
OPPO;R5s
OPPO;R7
OPPO;R7 Plus
OPPO;R7s
OPPO;R7 lite
OPPO;R9
OPPO;R9 Plus
OPPO;R9s
OPPO;R9s Plus
OPPO;R11
OPPO;R11 Plus
OPPO;R11s
OPPO;R11s Plus
OPPO;R15
OPPO;R15 Pro
OPPO;R15x
OPPO;R17
OPPO;R17 Pro
OPPO;R17 Neo
OPPO;Reno
OPPO;Reno 10x Zoom
OPPO;Reno 5G
OPPO;Reno Z
OPPO;Reno2
OPPO;Reno2 F
OPPO;Reno2 Z
OPPO;Reno A
OPPO;Reno Ace
OPPO;Reno3
OPPO;Reno3 5G
OPPO;Reno3 Pro
OPPO;Reno3 Pro 5G
OPPO;Reno3 Youth
OPPO;Ace2
OPPO;Reno4
OPPO;Reno4 5G
OPPO;Reno4 Pro
OPPO;Reno4 Pro 5G
OPPO;Reno4 SE
OPPO;Reno4 Lite
OPPO;Reno4 F
OPPO;Reno4 Z
OPPO;Reno5
OPPO;Reno5 4G
OPPO;Reno5 Pro
OPPO;Reno5 Pro+
OPPO;Reno5 A
OPPO;Reno5 F
OPPO;Reno5 Lite
OPPO;Reno5 K
OPPO;Reno5 Z
OPPO;Reno6
OPPO;Reno6 5G
OPPO;Reno6 Pro
OPPO;Reno6 Pro+
OPPO;Reno6 Lite
OPPO;Reno6 Z
OPPO;Reno7
OPPO;Reno7 5G
OPPO;Reno7 Pro
OPPO;Reno7 SE
OPPO;Reno7 Lite
OPPO;Reno7 Z
OPPO;Reno8
OPPO;Reno8 5G
OPPO;Reno8 Pro
OPPO;Reno8 Pro+
OPPO;Reno8 Lite
OPPO;Reno8 Z
OPPO;Reno9
OPPO;Reno9 Pro
OPPO;Reno9 Pro+
OPPO;Reno10
OPPO;Reno10 Pro
OPPO;Reno10 Pro+
OPPO;Reno11
OPPO;Reno11 Pro
OPPO;Reno11 A
OPPO;Reno11 F
OPPO;Reno11 FS
OPPO;Reno12
OPPO;Reno12 Pro
OPPO;Reno12 F
OPPO;Reno12 F 5G
OPPO;Reno12 FS
OPPO;Reno13
OPPO;Reno13 Pro
OPPO;Reno13 F
OPPO;Reno13 F 5G
OPPO;Reno13 FS
OPPO;Reno14
OPPO;Reno14 Pro
OPPO;Reno14 F
OPPO;Reno15
OPPO;Reno15 Pro
OPPO;Reno15 Pro Max
OPPO;Reno15 F 5G
OPPO;A6 5G
OPPO;A6x
OPPO;A6x 5G
OPPO;A6 Max
OPPO;A6 Pro 5G
OPPO;A6i
Huawei;Ascend Mate
Huawei;Ascend Mate 2 (4G)
Huawei;Ascend Mate 7
Huawei;Mate S
Huawei;Mate SE
Huawei;Mate 8
Huawei;Mate 9
Huawei;Mate 9 Lite
Huawei;Mate 9 Pro
Huawei;Mate 10
Huawei;Mate 10 Pro
Huawei;Mate 10 Lite
Huawei;Mate 20
Huawei;Mate 20 Pro
Huawei;Mate 20 Lite
Huawei;Mate 20 X
Huawei;Mate X
Huawei;Mate 30
Huawei;Mate 30 Pro
Huawei;Mate 30 5G
Huawei;Mate 30 Pro 5G
Huawei;Mate 30E Pro 5G
Huawei;Mate 30 RS
Huawei;Mate Xs
Huawei;Mate Xs 2
Huawei;Mate 40
Huawei;Mate 40 Pro
Huawei;Mate 40 Pro+
Huawei;Mate 40 RS
Huawei;Mate 40E
Huawei;Mate 40E 4G
Huawei;Mate 40 Pro 4G
Huawei;Mate 50
Huawei;Mate 50 Pro
Huawei;Mate 50 RS Porsche Design
Huawei;Mate 60
Huawei;Mate 60 Pro
Huawei;Mate 60 Pro+
Huawei;Mate 60 RS Ultimate Design
Huawei;Mate 70
Huawei;Mate 70 Pro
Huawei;Mate 70 Pro+
Huawei;Mate 70 Air
Huawei;Mate 70 RS Ultimate Design
Huawei;Mate XT Ultimate Design
Huawei;Mate 80
Huawei;Mate 80 Pro
Huawei;Mate 80 Pro Max
Huawei;Mate 80 RS Ultimate Design
Huawei;Mate XTs Ultimate Design
Huawei;Ascend P1
Huawei;Ascend P1 LTE
Huawei;Ascend P1 S
Huawei;Ascend P1 XL
Huawei;Ascend P2
Huawei;Ascend P6
Huawei;Ascend P7
Huawei;Ascend P7 mini
Huawei;Ascend P7 Sapphire Edition
Huawei;P8
Huawei;P8 Max
Huawei;P8 lite
Huawei;P8 lite 2017
Huawei;P9
Huawei;P9 lite
Huawei;P9 lite mini
Huawei;P9 Plus
Huawei;P10
Huawei;P10 Plus
Huawei;P10 lite
Huawei;P Smart
Huawei;P Smart Pro
Huawei;P20
Huawei;P20 Pro
Huawei;P20 lite
Huawei;P Smart+
Huawei;P Smart 2019
Huawei;P Smart Z
Huawei;P30
Huawei;P30 Pro
Huawei;P30 lite
Huawei;P30 New Edition
Huawei;P30 lite New Edition
Huawei;P Smart 2020
Huawei;P Smart S
Huawei;P40
Huawei;P40 lite
Huawei;P40 lite E
Huawei;P40 Pro
Huawei;P40 Pro+
Huawei;P40 lite 5G
Huawei;P40 4G
Huawei;P Smart 2021
Huawei;P50
Huawei;P50 Pro
Huawei;P50 Pocket
Huawei;P50E
Huawei;P60
Huawei;P60 Pro
Huawei;P60 Art
Huawei;Pura70
Huawei;Pura70 Pro
Huawei;Pura70 Pro+
Huawei;Pura70 Ultra
Huawei;Pura X
Huawei;Pura80
Huawei;Pura80 Pro
Huawei;Pura80 Pro+
Huawei;Pura80 Ultra
Huawei;Pocket S
Huawei;Pocket 2
Huawei;Nova
Huawei;Nova Plus
Huawei;Nova lite
Huawei;Nova Smart
Huawei;Nova Youth
Huawei;Nova lite+
Huawei;Nova Young
Huawei;Nova lite 2017
Huawei;Nova lite 3+
Huawei;Nova 2
Huawei;Nova 2 Plus
Huawei;Nova 2i
Huawei;Nova 2s
Huawei;Nova 2 lite
Huawei;Nova 3
Huawei;Nova 3i
Huawei;Nova 3e
Huawei;Nova 4
Huawei;Nova 4e
Huawei;Nova 5
Huawei;Nova 5 Pro
Huawei;Nova 5i
Huawei;Nova 5i Pro
Huawei;Nova 5T
Huawei;Nova 5z
Huawei;Nova 6 SE
Huawei;Nova 6
Huawei;Nova 6 5G
Huawei;Nova 7i
Huawei;Nova 7 SE 5G
Huawei;Nova 7
Huawei;Nova 7 Pro 5G
Huawei;Nova 7 SE 5G Youth
Huawei;Nova 8
Huawei;Nova 8 Pro 5G
Huawei;Nova 8 Pro 4G
Huawei;Nova 8i
Huawei;Nova 8 SE Youth
Huawei;Nova 8 SE 4G
Huawei;Nova 9
Huawei;Nova 9 Pro
Huawei;Nova 9 SE
Huawei;Nova 10
Huawei;Nova 10 Pro
Huawei;Nova 10z
Huawei;Nova 10 SE
Huawei;Nova 10 Youth
Huawei;Nova 11
Huawei;Nova 11 Pro
Huawei;Nova 11 Ultra
Huawei;Nova 11i
Huawei;Nova 11 SE
Huawei;Nova 12
Huawei;Nova 12 Pro
Huawei;Nova 12 Ultra
Huawei;Nova 12s
Huawei;Nova 12i
Huawei;Nova 12 SE
Huawei;Nova 13
Huawei;Nova 13 Pro
Huawei;Nova 13i
Huawei;Nova Flip
Huawei;Nova Y60
Huawei;Nova Y61
Huawei;Nova Y62
Huawei;Nova Y62 Plus
Huawei;Nova Y70
Huawei;Nova Y70 Plus
Huawei;Nova Y71
Huawei;Nova Y72
Huawei;Nova Y72S
Huawei;Nova Y90
Huawei;Nova Y91
Huawei;Nova Y9a
Huawei;Ascend Y
Huawei;Ascend Y100
Huawei;Ascend Y200
Huawei;Ascend Y201
Huawei;Ascend Y201 Pro
Huawei;Ascend Y210D
Huawei;Ascend Y220
Huawei;Ascend Y221
Huawei;Ascend Y300
Huawei;Y300II
Huawei;Ascend Y320
Huawei;Ascend Y321
Huawei;Ascend Y330
Huawei;Ascend Y511
Huawei;Ascend Y520
Huawei;Ascend Y530
Huawei;Ascend Y540
Huawei;Ascend Y550
Huawei;Y635
Huawei;Y360
Huawei;Y560
Huawei;Y5c
Huawei;Y6
Huawei;Y6 Pro
Huawei;Y3 II
Huawei;Y5 II
Huawei;Y6 II
Huawei;Y6 II Compact
Huawei;Y3 2017
Huawei;Y5 2017
Huawei;Y6 2017
Huawei;Y7
Huawei;Y7 Prime
Huawei;Y6 Pro 2017
Huawei;Y7 2018
Huawei;Y7 Prime 2018
Huawei;Y7 Pro 2018
Huawei;Y9 2018
Huawei;Y6 2018
Huawei;Y6 Prime 2018
Huawei;Y3 2018
Huawei;Y5 Prime 2018
Huawei;Y5 2018
Huawei;Y5 lite
Huawei;Y9 2019
Huawei;Y Max
Huawei;Y7 Prime 2019
Huawei;Y7 Pro 2019
Huawei;Y6 2019
Huawei;Y6 Pro 2019
Huawei;Y7 2019
Huawei;Y6 Prime 2019
Huawei;Y5 2019
Huawei;Y9 Prime 2019
Huawei;Y6s
Huawei;Y7p
Huawei;Y5p
Huawei;Y6p
Huawei;Y8s
Huawei;Y8p
Huawei;Y9a
Huawei;Y7a
Huawei;Enjoy 5
Huawei;Enjoy 5S
Huawei;Enjoy 6
Huawei;Enjoy 6S
Huawei;Enjoy 7 Plus
Huawei;Enjoy 7
Huawei;Enjoy 7S
Huawei;Enjoy 8 Plus
Huawei;Enjoy 8
Huawei;Enjoy 8e
Huawei;Enjoy 8e Youth Edition
Huawei;Enjoy Max
Huawei;Enjoy 9
Huawei;Enjoy 9 Plus
Huawei;Enjoy 9S
Huawei;Enjoy 9e
Huawei;Enjoy 10
Huawei;Enjoy 10 Plus
Huawei;Enjoy 10S
Huawei;Enjoy 10e
Huawei;Enjoy Z 5G
Huawei;Enjoy 20 5G
Huawei;Enjoy 20 Plus 5G
Huawei;Enjoy 20 Pro 5G
Huawei;Enjoy 20 SE
Huawei;Enjoy 20e
Huawei;Nova 14
Huawei;Nova 14 Pro
Huawei;Nova 14 Ultra
Huawei;Pura 80
Huawei;Pura 80 Ultra
Honor;2
Honor;3
Honor;5
Honor;6
Honor;6 Plus
Honor;7
Honor;8
Honor;8 Pro
Honor;8 Smart
Honor;9
Honor;10
Honor;10 GT
Honor;20
Honor;20 Pro
Honor;30
Honor;30 Pro
Honor;30 Pro+
Honor;50
Honor;50 Pro
Honor;50 SE
Honor;50 Lite
Honor;60
Honor;60 Pro
Honor;60 SE
Honor;70
Honor;70 Pro
Honor;70 Pro+
Honor;70 Lite
Honor;80
Honor;80 Pro
Honor;80 Pro Flat
Honor;80 SE
Honor;80 GT
Honor;90
Honor;90 Pro
Honor;90 GT
Honor;90 Lite
Honor;100
Honor;100 Pro
Honor;200
Honor;200 Pro
Honor;200 Lite
Honor;200 Smart
Honor;300
Honor;300 Pro
Honor;300 Ultra
Honor;400
Honor;400 Pro
Honor;400 Lite
Honor;400 Smart
Honor;500
Honor;500 Pro
Honor;Magic
Honor;Magic 2
Honor;Magic3
Honor;Magic3 Pro
Honor;Magic3 Pro+
Honor;Magic V
Honor;Magic Vs
Honor;Magic4
Honor;Magic4 Pro
Honor;Magic4 Ultimate
Honor;Magic4 Lite
Honor;Magic5
Honor;Magic5 Pro
Honor;Magic5 Ultimate
Honor;Magic5 Lite
Honor;Magic6
Honor;Magic6 Pro
Honor;Magic6 Ultimate
Honor;Magic7
Honor;Magic7 Pro
Honor;Magic7 RSR Porsche Design
Honor;Magic7 Lite
Honor;Magic8
Honor;Magic8 Pro
Honor;Magic8 Lite
Honor;Magic V2
Honor;Magic V2 RSR Porsche Design
Honor;3X
Honor;3X Pro
Honor;4X
Honor;5X
Honor;6X
Honor;7X
Honor;8X
Honor;8X Max
Honor;9X
Honor;9X Pro
Honor;9X Lite
Honor;X5
Honor;X5 Plus
Honor;X6
Honor;X6a
Honor;X6b 5G
Honor;X7
Honor;X7a
Honor;X7b
Honor;X7c
Honor;X8
Honor;X8 5G
Honor;X8a
Honor;X8b
Honor;X9
Honor;X9 5G
Honor;X9a
Honor;X9b
Honor;X9c
Honor;X10
Honor;X10 Max
Honor;10X Lite
Honor;X20
Honor;X20 SE
Honor;X30
Honor;X30 Max
Honor;X30i
Honor;X40
Honor;X40 GT
Honor;X40 GT Racing
Honor;X40i
Honor;X50
Honor;X50 Pro
Honor;X50 GT
Honor;X50i
Honor;X50i+
Honor;X60
Honor;X60 Pro
Honor;X60i
Honor;3C
Honor;3C 4G
Honor;3C Play
Honor;6C
Honor;6C Pro
Honor;7C
Honor;7C Pro
Honor;4A
Honor;5A
Honor;6A
Honor;7A
Honor;7A Pro
Honor;8A
Honor;8A Pro
Honor;8A Prime
Honor;8A 2020
Honor;9A
Honor;7S
Honor;8S
Honor;8S 2020
Honor;9S
Honor;20S
Honor;30S
Honor;7i
Honor;9i
Honor;10i
Honor;20i
Honor;30i
Honor;7 Lite
Honor;8 Lite
Honor;9N
Honor;9 Lite
Honor;10 Lite
Honor;20 Lite
Honor;30 Lite
Honor;V8
Honor;V8 Max
Honor;V9
Honor;V9 Play
Honor;View 10
Honor;View 20
Honor;View 30
Honor;View 30 Pro
Honor;V40
Honor;V40 Lite
Honor;V Purse
Honor;4 Play
Honor;5 Play
Honor;Play
Honor;Play 3
Honor;Play 3e
Honor;Play 4
Honor;Play 4 Pro
Honor;Play 4T
Honor;Play 4T Pro
Honor;Play 5
Honor;Play 5 Youth
Honor;Play 5T
Honor;Play 5T Pro
Honor;Play 5T Youth
Honor;Play 5X
Honor;Play 6T
Honor;Play 6T Pro
Honor;Play 6
Honor;Play 6C
Honor;Play 7
Honor;Play 7A
Honor;Play 7C
Honor;Play 7T
Honor;Play 7T Pro
Honor;Play 8
Honor;Play 8A
Honor;Play 9A
Honor;Play 20
Honor;Play 20 Pro
Honor;Play 30
Honor;Play 30 Plus
Honor;Play 40
Honor;Play 40 Plus
Honor;Play 50 Plus
Honor;GT
Honor;GT Pro
Honor;Note 8
Honor;Note 10
Honor;20e
Honor;Bee
Honor;Bee 2
Honor;Win
Honor;Win RT
Honor;Magic V3
Honor;Magic V Flip
Honor;Magic V Flip 2
Honor;Magic V5
Honor;400 Smart 5G
Honor;500 Lite
Honor;600
Honor;600 Pro
Honor;600 Lite
Honor;X70
Honor;X70 Pro
Honor;X70i
Honor;X9d
Honor;Play 60
Sony;Xperia X1
Sony;Xperia X2
Sony;Xperia Pureness
Sony;Xperia X8
Sony;Xperia X10
Sony;Xperia X10 mini
Sony;Xperia X10 mini pro
Sony;Xperia arc
Sony;Xperia acro
Sony;Xperia PLAY
Sony;Xperia pro
Sony;Xperia neo
Sony;Xperia mini
Sony;Xperia mini pro
Sony;Xperia ray
Sony;Xperia arc S
Sony;Xperia neo V
Sony;Xperia active
Sony;Xperia S
Sony;Xperia SL
Sony;Xperia sola
Sony;Xperia U
Sony;Xperia P
Sony;Xperia neo L
Sony;Xperia Go
Sony;Xperia acro HD
Sony;Xperia acro S
Sony;Xperia ion
Sony;Xperia tipo
Sony;Xperia miro
Sony;Xperia T
Sony;Xperia TX
Sony;Xperia J
Sony;Xperia V
Sony;Xperia Z
Sony;Xperia ZL
Sony;Xperia E
Sony;Xperia L
Sony;Xperia SP
Sony;Xperia ZR
Sony;Xperia Z Ultra
Sony;Xperia C
Sony;Xperia M
Sony;Xperia Z1
Sony;Xperia T2 Ultra
Sony;Xperia E1
Sony;Xperia Z1 Compact
Sony;Xperia M2
Sony;Xperia Z2
Sony;Xperia J1 Compact
Sony;Xperia T3
Sony;Xperia C3
Sony;Xperia E3
Sony;Xperia Z3 Compact
Sony;Xperia Z3
Sony;Xperia E4g
Sony;Xperia E4
Sony;Xperia M4 Aqua
Sony;Xperia C4
Sony;Xperia Z3+
Sony;Xperia Z4
Sony;Xperia M5
Sony;Xperia C5 Ultra
Sony;Xperia Z5
Sony;Xperia Z5 Compact
Sony;Xperia Z5 Premium
Sony;Xperia X
Sony;Xperia XA
Sony;Xperia X Performance
Sony;Xperia XA Ultra
Sony;Xperia E5
Sony;Xperia XZ
Sony;Xperia X Compact
Sony;Xperia L1
Sony;Xperia XA1
Sony;Xperia XA1 Ultra
Sony;Xperia XA1 Plus
Sony;Xperia R1
Sony;Xperia XZs
Sony;Xperia XZ Premium
Sony;Xperia XZ1
Sony;Xperia XZ1 Compact
Sony;Xperia L2
Sony;Xperia XA2
Sony;Xperia XA2 Ultra
Sony;Xperia XA2 Plus
Sony;Xperia XZ2
Sony;Xperia XZ2 Compact
Sony;Xperia XZ2 Premium
Sony;Xperia XZ3
Sony;Xperia L3
Sony;Xperia Ace
Sony;Xperia 1
Sony;Xperia 5
Sony;Xperia 8
Sony;Xperia 8 Lite
Sony;Xperia 10
Sony;Xperia 10 Plus
Sony;Xperia L4
Sony;Xperia PRO
Sony;Xperia 1 II
Sony;Xperia 5 II
Sony;Xperia 10 II
Sony;Xperia Ace II
Sony;Xperia PRO-I
Sony;Xperia 1 III
Sony;Xperia 5 III
Sony;Xperia 10 III
Sony;Xperia 10 III Lite
Sony;Xperia Ace III
Sony;Xperia 1 IV
Sony;Xperia 5 IV
Sony;Xperia 10 IV
Sony;Xperia 1 V
Sony;Xperia 5 V
Sony;Xperia 10 V
Sony;Xperia 1 VI
Sony;Xperia 10 VI
Sony;Xperia 1 VII
Sony;Xperia 10 VII
ZTE;Blade
ZTE;Blade C
ZTE;Blade G
ZTE;Blade L
ZTE;Blade V
ZTE;Engage
ZTE;Geek
ZTE;Max Duo
ZTE;Open
ZTE;Open C
ZTE;Orbit
ZTE;Racer
ZTE;Racer II
ZTE;S30
ZTE;Skate
ZTE;Tania
ZTE;X760
ZTE;Orange Rio
ZTE;Vergatario
ZTE;Grand S
ZTE;Grand S II
ZTE;Axon
ZTE;Axon Max
ZTE;Axon Mini
ZTE;Axon 7
ZTE;Axon M
ZTE;Axon 9 Pro
ZTE;Axon 10 Pro
ZTE;Axon 11 Pro
ZTE;Axon 20 Pro
ZTE;Axon 30
ZTE;Axon 40 Ultra
